<?xml version="1.0" encoding="UTF-8"?>
<?xml-stylesheet href="/cpf/pipelines.css" type="text/css"?>
<pipeline xsi:schemaLocation="http://marklogic.com/cpf/pipelines pipelines.xsd" xmlns="http://marklogic.com/cpf/pipelines" xmlns:xsi="http://www.w3.org/2001/XMLSchema-instance">
  <pipeline-name>Make Master Doc Pipeline</pipeline-name>
  <pipeline-description> 
     Creates master doc from content and metadata
   </pipeline-description>
  <success-action>
    <module>/MarkLogic/cpf/actions/success-action.xqy</module>
  </success-action>
  <failure-action>
    <module>/MarkLogic/cpf/actions/failure-action.xqy</module>
  </failure-action>
  <state-transition>
    <state>http://marklogic.com/states/initial</state>
    <on-success>http://marklogic.com/states/xhtmlMetaCombined</on-success>
    <on-failure>http://marklogic.com/states/error</on-failure>
    <priority>10000</priority>
    <execute>
      <condition>
	<module>/pipelines/make-master-doc/is-xhtml.xqy</module>
      </condition>
      <action>
	<module>/pipelines/make-master-doc/combine-xhtml-meta.xqy</module>
      </action>
    </execute>
  </state-transition>  
  <!-- Final states (final and error) are not handled here -->
</pipeline>
